timestamp,pageview
2020050400,1213
2020050500,1767
2020050600,1516
2020050700,1395
2020050800,1243
2020050900,968
2020051000,1096
2020051100,1772
2020051200,1789
2020051300,1497
2020051400,1409
2020051500,1427
2020051600,1282
2020051700,1503
2020051800,1419
2020051900,1387
2020052000,1384
2020052100,1192
2020052200,1201
2020052300,1031
2020052400,837
2020052500,1075
2020052600,1779
2020052700,1594
2020052800,1228
2020052900,1172
2020053000,966
2020053100,1009
2020060100,1133
2020060200,1198
2020060300,1157
2020060400,1254
2020060500,1071
2020060600,962
2020060700,1052
2020060800,1153
2020060900,1216
2020061000,1083
2020061100,1008
2020061200,881
2020061300,712
2020061400,750
2020061500,1055
2020061600,1055
2020061700,1002
2020061800,996
2020061900,763
2020062000,675
2020062100,678
2020062200,805
2020062300,742
2020062400,709
2020062500,784
2020062600,696
2020062700,565
2020062800,798
2020062900,836
2020063000,804
2020070100,734
2020070200,673
2020070300,650
2020070400,546
2020070500,551
2020070600,687
2020070700,592
2020070800,973
2020070900,782
2020071000,563
2020071100,579
2020071200,493
2020071300,659
2020071400,613
2020071500,610
2020071600,647
2020071700,640
2020071800,527
2020071900,773
2020072000,656
2020072100,685
2020072200,596
2020072300,606
2020072400,565
2020072500,590
2020072600,569
2020072700,671
2020072800,682
2020072900,656
2020073000,683
2020073100,501
2020080100,478
2020080200,526
2020080300,564
2020080400,594
2020080500,990
2020080600,627
2020080700,520
2020080800,452
2020080900,575
2020081000,585
2020081100,557
2020081200,553
2020081300,585
2020081400,526
2020081500,374
2020081600,496
2020081700,546
2020081800,579
2020081900,605
2020082000,733
2020082100,683
2020082200,497
2020082300,491
2020082400,611
2020082500,739
2020082600,727
2020082700,636
2020082800,533
2020082900,449
2020083000,551
2020083100,569
2020090100,622
2020090200,674
2020090300,582
2020090400,512
2020090500,508
2020090600,480
2020090700,694
2020090800,677
2020090900,672
2020091000,755
2020091100,679
2020091200,574
2020091300,654
2020091400,911
2020091500,854
2020091600,763
2020091700,765
2020091800,773
2020091900,679
2020092000,812
2020092100,974
2020092200,723
2020092300,658
2020092400,681
2020092500,580
2020092600,477
2020092700,577
2020092800,680
2020092900,698
2020093000,719
2020100100,645
2020100200,565
2020100300,442
2020100400,509
2020100500,704
2020100600,689
2020100700,727
2020100800,727
2020100900,642
2020101000,452
2020101100,664
2020101200,864
2020101300,891
2020101400,889
2020101500,763
2020101600,587
2020101700,521
2020101800,654
2020101900,841
2020102000,837
2020102100,904
2020102200,798
2020102300,594
2020102400,498
2020102500,652
2020102600,749
2020102700,775
2020102800,802
2020102900,683
2020103000,623
2020103100,684
2020110100,715
2020110200,775
2020110300,717
2020110400,664
2020110500,687
2020110600,603
2020110700,453
2020110800,558
2020110900,742
2020111000,770
2020111100,714
2020111200,559
2020111300,503
2020111400,429
2020111500,640
2020111600,775
2020111700,723
2020111800,782
2020111900,727
2020112000,644
2020112100,536
2020112200,737
2020112300,916
2020112400,794
2020112500,712
2020112600,600
2020112700,504
2020112800,471
2020112900,606
2020113000,636
2020120100,512
2020120200,551
2020120300,573
2020120400,622
2020120500,532
2020120600,513
2020120700,556
2020120800,676
2020120900,568
2020121000,565
2020121100,478
2020121200,414
2020121300,449
2020121400,508
2020121500,467
2020121600,464
2020121700,440
2020121800,426
2020121900,439
2020122000,431
2020122100,466
2020122200,413
2020122300,332
2020122400,314
2020122500,232
2020122600,316
2020122700,341
2020122800,344
2020122900,395
2020123000,511
2020123100,696
